userId,movieId,rating,timestamp
1,1,4,964982703
1,3,4,964981247
1,6,4,964982224
1,47,5,964983815
1,50,5,964982931
1,70,3,964982400
1,101,5,964980868
1,110,4,964982176
1,151,5,964984041
1,157,5,964984100
1,163,5,964983650
1,216,5,964981208
1,223,3,964980985
1,231,5,964981179
1,235,4,964980908
1,260,5,964981680
1,296,3,964982967
1,316,3,964982310
1,333,5,964981179
1,349,4,964982563
1,356,4,964980962
1,362,5,964982588
1,367,4,964981710
1,423,3,964982363
1,441,4,964980868
1,457,5,964981909
1,480,4,964982346
1,500,3,964981208
1,527,5,964984002
1,543,4,964981179
1,552,4,964982653
1,553,5,964984153
1,590,4,964982546
1,592,4,964982271
1,593,4,964983793
1,596,5,964982838
1,608,5,964982931
1,648,3,964982563
1,661,5,964982838
1,673,3,964981775
1,733,4,964982400
1,736,3,964982653
1,780,3,964984086
1,804,4,964980499
1,919,5,964982475
1,923,5,964981529
1,940,5,964982176
1,943,4,964983614
1,954,5,964983219
4,21,3,986935199
4,32,2,945173447
4,45,3,986935047
4,47,2,945173425
4,52,3,964622786
4,58,3,964538444
4,106,4,986848784
4,125,5,964622758
4,126,1,986848920
4,162,5,945078571
4,171,3,945078428
4,176,5,964622565
4,190,2,945079259
4,215,5,945079078
4,222,1,945629040
4,232,5,964622684
4,235,2,945173513
4,247,3,986848894
4,260,5,945079259
4,265,5,964538468
4,296,1,945173350
4,319,5,945079182
4,342,5,964538500
4,345,4,945629063
4,348,4,964622786
4,351,3,986934901
4,357,3,964623306
4,368,4,945078690
4,417,2,945078467
4,441,1,986934915
4,450,2,986848828
4,457,5,945079259
4,475,5,945174290
4,492,5,945079872
4,509,1,945079106
4,538,5,945078636
4,539,1,964538832
4,553,2,945079301
4,588,4,945079670
4,593,5,964539986
4,595,3,986848609
4,599,2,945078587
4,608,5,964540008
4,648,3,945079906
4,708,4,986935230
4,759,3,945078601
4,800,4,945079106
4,892,4,964622714
4,898,5,964623347
4,899,4,945079653
4,902,4,945078446
4,904,4,945079837
4,908,5,945173902
4,910,5,945173989
4,912,5,945173902
4,914,5,945079670
4,919,5,945079521
4,920,5,945173602
4,930,5,964538571
4,937,3,986849085
5,1,4,847434962
5,21,4,847435238
5,34,4,847434881
5,36,4,847435292
5,39,3,847434961
5,50,4,847434881
5,58,5,847435238
5,110,4,847434880
5,150,3,847434748
5,153,3,847434802
5,232,4,847435292
5,247,5,847435337
5,253,3,847435292
5,261,4,847435238
5,265,3,847435129
5,266,1,847435311
5,290,5,847435311
5,296,5,847434748
5,300,3,847435337
5,316,2,847434832
5,318,3,847434880
5,344,3,847434802
5,349,3,847434832
5,357,2,847435238
5,364,3,847434882
5,367,4,847435129
5,380,2,847434748
5,410,3,847435292
5,457,4,847434801
5,474,4,847435337
5,475,5,847435311
5,515,3,847435129
5,527,5,847434960
5,531,4,847435258
5,534,3,847435311
5,588,4,847434801
5,589,3,847435258
5,590,5,847434747
5,592,3,847434747
5,594,5,847435238
5,595,5,847434832
5,596,5,847435292
5,597,3,847434962
5,608,3,847435258
6,2,4,845553522
6,3,5,845554296
6,4,3,845554349
6,5,5,845553938
6,6,4,845553757
6,7,4,845554264
6,8,3,845555281
6,10,3,845553253
6,11,4,845553489
6,13,3,845555588
6,15,4,845554505
6,16,4,845553819
6,17,4,845553559
6,19,2,845553382
6,21,2,845553382
6,22,5,845553875
6,24,4,845554397
6,25,3,845553695
6,26,4,845555362
6,27,3,845555402
6,30,3,845553819
6,32,4,845553426
6,34,4,845553354
6,36,5,845553726
6,41,4,845554962
6,43,4,845555607
6,45,3,845553907
6,46,4,845554551
6,47,4,845553317
6,50,1,845553381
6,54,4,845555402
6,60,4,845554263
6,61,4,845555454
6,62,4,845553660
6,65,3,845555070
6,66,3,845555151
6,76,4,845555317
6,32,3,845554907
6,39,5,845556131
6,40,3,845555300
6,41,2,845555694
6,42,4,845555124
6,45,4,845555454
6,46,4,845554584
6,48,4,845553559
6,53,3,845555151
6,102,1,845555436
6,104,4,845554349
6,105,3,845553757
6,110,5,845553283
6,112,4,845553994
6,113,3,845556257
6,126,3,845555342
6,135,3,845554987
6,140,3,845555024
6,141,4,845553586
6,145,4,845553966
6,146,4,845555607
6,150,4,845553110
6,151,4,845553586
6,153,3,845553146
6,158,4,845553660
6,159,3,845555006
6,160,5,845553457
6,161,3,845553253
6,163,3,845553907
6,165,3,845553146
6,168,5,845553695
6,170,3,845554263
6,171,3,845555402
6,174,3,845554479
6,177,3,845554931
6,179,1,845555362
6,180,2,845555006
6,181,3,845553938
6,185,3,845553283
6,186,3,845553619
6,189,3,845556241
6,191,2,845554931
6,195,4,845554455
6,196,3,845553586
6,201,3,845556290
6,204,3,845553619
6,205,3,845555477
6,207,4,845554024
6,208,3,845553253
6,209,3,845556106
6,210,4,845556310
6,212,4,845556181
6,216,4,845554099
6,217,3,845555382
6,218,2,845553994
6,219,3,845556131
6,222,4,845554024
6,224,3,845553794
6,225,4,845553381
6,230,5,845553966
6,231,3,845553174
6,234,2,845554176
6,236,4,845553559
6,237,4,845553875
6,239,3,845554987
6,240,3,845555571
6,243,3,845555588
6,248,5,845554263
6,250,4,845555588
6,251,3,845556257
6,252,4,845553619
6,253,3,845553283
6,254,3,845555655
6,256,3,845553726
6,257,5,845554176
6,258,3,845555172
6,261,4,845553695
6,262,5,845554551
6,265,3,845553726
6,266,3,845553457
6,267,3,845554376
6,270,3,845555172
6,271,4,845555249
6,273,3,845553875
6,274,4,845555151
6,276,4,845553907
6,277,5,845553844
6,279,3,845555436
6,281,4,845554320
6,282,3,845553522
6,288,2,845553283
6,289,3,845554455
6,291,3,845555571
6,292,4,845553253
6,293,3,845553660
6,296,2,845553110
6,302,3,845555436
6,303,3,845554099
6,304,4,845555546
6,310,3,845556119
6,312,1,845555151
6,313,3,845555546
6,314,5,845554603
6,315,4,845553522
6,316,5,845553174
6,317,4,845553457
6,318,5,845553200
6,327,1,845554062
6,329,4,845553200
6,330,3,845555071
6,332,3,845555046
6,333,5,845553757
6,336,3,845556223
6,337,5,845553586
6,339,4,845553253
6,340,4,845555265
6,342,3,845553938
6,343,3,845555172
6,344,3,845553146
6,347,3,845555300
6,348,3,845553938
6,349,5,845553146
6,350,5,845553489
6,351,4,845554455
6,352,3,845555382
6,353,4,845553726
6,354,4,845555402
6,355,4,845553819
6,356,5,845553200
6,357,3,845553457
6,358,3,845555265
6,359,3,845556412
6,360,3,845555094
6,361,4,845554376
6,362,3,845553994
6,364,5,845553317
6,366,3,845554962
6,367,4,845553317
6,368,5,845553726
6,370,4,845553794
6,371,3,845554141
6,374,3,845554296
6,377,5,845553317
6,378,3,845554987
6,380,4,845553110
6,381,3,845553994
6,382,3,845554397
6,383,3,845554320
6,405,3,845554603
6,410,3,845553354
6,412,3,845554505
6,415,4,845554420
6,416,3,845554962
6,419,3,845554224
6,426,3,845554551
6,432,5,845553489
6,434,4,845553200
6,435,3,845553489
6,437,3,845554505
6,440,4,845553457
6,445,3,845555124
6,450,4,845555024
6,454,4,845553283
6,455,3,845554062
6,457,5,845553174
6,458,3,845555546
6,460,3,845555281
6,466,2,845553844
6,468,4,845553907
6,469,4,845555477
6,472,3,845555632
6,474,4,845553522
6,475,4,845554099
6,477,4,845554141
6,480,5,845553200
6,485,3,845553794
6,489,3,845554505
6,490,3,845554584
6,491,4,845554141
6,493,3,845555172
6,494,3,845554176
6,497,3,845553819
6,500,5,845553354
6,502,3,845554455
6,505,3,845555317
6,508,4,845553586
6,509,3,845553522
6,510,3,845555546
6,515,4,845553794
6,516,4,845554908
6,520,3,845553844
6,524,3,845554479
6,527,3,845553426
6,531,3,845554296
6,532,3,845554224
6,536,3,845556181
6,537,3,845554551
6,539,3,845553426
6,540,3,845554099
6,542,4,845554524
6,543,3,845554099
6,546,2,845554349
6,548,3,845554908
6,552,3,845553875
6,553,5,845553559
6,569,4,845555342
6,575,3,845555070
6,587,5,845553381
6,588,5,845553146
6,589,3,845553317
6,590,5,845553109
6,592,3,845553109
6,593,4,845553174
6,594,4,845553819
6,595,5,845553174
6,596,3,845554141
6,597,4,845553354
6,606,3,845555024
6,608,3,845553844
6,609,4,845555342
6,616,5,845554062
6,628,3,845555300
6,631,4,845555265
6,637,4,845555046
6,640,1,845555362
6,647,4,845555151
6,662,3,845556147
6,667,3,845555342
6,694,3,845555694
6,697,3,845556378
6,700,4,845556147
6,704,3,845555571
6,708,4,845554376
6,709,5,845555249
6,710,3,845556223
6,711,4,845555317
6,719,2,845555694
6,736,5,845553619
6,747,3,845555046
6,762,1,845555006
6,765,3,845555632
6,775,3,845556462
6,780,5,845556915
6,783,5,845554584
6,795,3,845556506
6,799,3,845555656
6,801,3,845556194
6,802,4,845554584
6,818,3,845555514
6,830,5,845556222
6,835,4,845556194
6,837,3,845556241
6,838,4,845555514
6,839,3,845556120
6,842,3,845555675
6,848,4,845556340
6,852,4,845555694
6,867,3,845556412
6,880,3,845556181
6,881,3,845556340
6,888,3,845556448
6,891,3,845556241
6,979,3,845556808
6,981,3,845556567
6,986,4,845556475
6,991,4,845556808
6,996,4,845556323
6,999,2,845556412
7,1,4.5,1106635946
7,50,4.5,1106635993
7,58,3,1106635520
7,150,4.5,1106635925
7,165,4,1106635987
7,260,5,1106635933
7,356,5,1106635915
7,380,3,1106635937
7,466,5,1106635532
7,480,5,1106635917
7,587,2,1106635714
7,588,3,1106635971
7,589,2.5,1106635940
7,592,3,1106635922
7,593,5,1106635912
7,595,3.5,1106712636
7,648,4,1106635981
7,750,4,1106636810
7,780,4.5,1106635943
7,920,3,1106635685
7,924,4,1106712615
8,2,4,839463806
8,10,2,839463509
8,11,4,839463806
8,21,4,839463564
8,32,3,839463624
8,34,5,839463546
8,39,3,839463644
8,47,4,839463546
8,50,5,839463644
8,110,3,839463527
8,141,3,839464076
8,150,4,839463422
8,153,2,839463451
8,185,5,839463509
8,186,4,839463856
8,208,3,839463509
8,231,4,839463470
8,235,3,839464076
8,236,3,839463767
8,252,3,839463856
8,253,5,839463509
8,282,3,839463767
8,292,3,839463489
8,296,4,839463422
8,317,3,839463644
8,318,5,839463489
8,339,3,839463509
8,356,3,839463527
8,357,5,839463767
8,364,5,839463546
8,367,3,839463564
8,377,4,839463644
8,380,5,839463422
8,432,1,839463702
8,440,3,839463728
8,454,4,839463546
8,457,3,839463489
8,480,4,839463527
8,500,2,839463624
8,527,5,839463728
8,539,3,839463728
8,586,3,839463702
8,587,3,839463702
8,590,5,839463422
8,592,3,839463422
8,593,4,839463470
8,597,3,839463728
9,41,3,1044656650
9,187,3,1044657119
9,223,4,1044656650
9,371,3,1044656716
9,627,3,1044657102
9,922,4,1044657026
9,923,5,1044657026
10,296,1,1455303387
10,356,3.5,1455301685
10,588,4,1455306173
10,597,3.5,1455357645
10,912,4,1455302254
11,6,5,902154266
11,10,3,902154316
11,36,4,902155135
11,44,2,902154593
11,48,3,902154458
11,110,5,902154266
11,150,5,902154266
11,153,3,902154593
11,165,3,902154567
11,170,4,902154621
11,208,3,902154706
11,292,4,902154383
11,318,4,902155070
11,349,5,902154342
11,356,5,901200263
11,368,3,904510567
11,376,2,902154684
11,377,3,902154431
11,380,4,902154431
11,434,3,902154685
11,457,5,902154316
11,466,3,902154805
11,474,4,902154431
11,480,4,902154383
11,493,3,902154805
11,511,4,902154514
11,529,5,902155043
11,589,4,902154266
11,593,5,902155102
11,648,4,902154514
11,733,4,902154431
11,736,4,902154542
11,780,4,902154487
12,39,4,1247264471
12,168,5,1247264411
12,222,5,1247263465
12,256,5,1247263375
12,261,4.5,1247263357
12,277,3,1247263371
12,357,3.5,1247264106
12,543,3.5,1247263318
12,830,4,1247263452
12,838,5,1247264096
12,920,4.5,1247264114
14,4,3,835441653
14,7,3,835441989
14,19,1,835441168
14,25,4,835441394
14,32,4,835441168
14,39,3,835441186
14,47,5,835441133
14,48,5,835441295
14,105,3,835441371
14,110,5,835441107
14,150,4,835440977
14,153,2,835441012
14,193,3,835441371
14,231,3,835441042
14,266,5,835441168
14,282,5,835441239
14,288,4,835441107
14,296,3,835440978
14,318,3,835441042
14,337,5,835441239
14,339,4,835441066
14,344,2,835441012
14,351,3,835441686
14,356,4,835441239
14,367,1,835441210
14,376,4,835441620
14,377,3,835441328
14,383,4,835441729
14,434,4,835441066
14,448,3,835442201
14,455,3,835441812
14,477,4,835441578
14,480,3,835441262
14,491,3,835441672
14,508,3,835441558
14,509,5,835441347
14,524,3,835442007
14,527,3,835441371
14,539,4,835441415
14,540,3,835441794
14,552,3,835441558
14,553,4,835441239
14,586,3,835441451
14,590,4,835440977
14,592,2,835440976
14,593,4,835441086
14,597,3,835441431
14,784,1,835442447
15,1,2.5,1510577970
15,44,1,1299424916
15,47,3.5,1510571970
15,158,1,1299424840
15,172,1,1299424762
15,256,3,1299425021
15,260,5,1510571946
15,293,3,1510571962
15,296,4,1510571877
15,318,5,1510571866
15,355,1,1299425002
15,356,5,1510571873
15,364,3,1510577958
15,527,5,1510571982
15,588,3,1510577985
15,589,5,1510572012
15,596,2,1510578088
15,780,3.5,1510572881
15,849,2,1299425064
15,858,4,1510571941
18,1,3.5,1455209816
18,2,3,1455617462
18,6,4,1460138360
18,16,4.5,1461311583
18,32,4,1455209840
18,34,2.5,1455617533
18,36,4,1455617478
18,47,4.5,1455050013
18,50,5,1455049343
18,70,3.5,1455735732
18,104,2.5,1455748792
18,110,4.5,1455050170
18,111,4,1458516249
18,145,3.5,1456864434
18,163,4,1455748933
18,165,4,1455209902
18,180,4,1455617692
18,208,3,1455617516
18,223,4,1455617470
18,231,2.5,1455748462
18,235,4.5,1455529905
18,260,4,1455049368
18,288,4,1455617466
18,293,4.5,1455050049
18,296,4,1455050745
18,318,5,1455049328
18,329,4,1455231677
18,337,4,1455748833
18,344,2.5,1455209869
18,356,4.5,1455050112
18,364,3,1455209887
18,367,2.5,1455618093
18,370,3,1455748940
18,374,2.5,1455617791
18,377,2.5,1455209879
18,380,2.5,1455209846
18,431,4,1462138790
18,435,2,1459946774
18,442,3,1455748803
18,457,3.5,1477432493
18,466,2.5,1459946776
18,480,3.5,1455209811
18,500,3.5,1455618095
18,502,2,1456864767
18,508,4,1455749987
18,527,4.5,1455050006
18,541,4,1456745325
18,555,4,1504907725
18,586,3.5,1455748696
18,588,3.5,1455209912
18,589,4.5,1455209793
18,590,4,1455209837
18,593,4.5,1455050067
18,595,3,1455209900
18,608,4.5,1455050069
18,628,3.5,1459495567
18,648,3,1455209873
18,653,3,1456955524
18,673,3,1455735781
18,745,4,1460242118
18,778,4.5,1455050179
18,780,4,1455209824
18,784,2,1455735643
18,849,3.5,1455735861
18,858,4,1455050024
18,904,4.5,1455050080
18,908,4,1455748398
18,913,4,1517525849
18,919,4,1455748544
18,923,5,1455059762
18,924,4,1458516291
19,1,4,965705637
19,2,3,965704331
19,3,3,965707636
19,7,2,965706657
19,10,2,965709556
19,12,1,965705347
19,13,3,965709102
19,15,2,965710039
19,19,2,965708339
19,32,4,965703646
19,34,4,965705661
19,44,3,965710019
19,47,3,965710720
19,48,1,965709172
19,54,2,965702660
19,64,2,965708037
19,65,2,965708217
19,70,2,965704974
19,40,2,965708059
19,45,2,965712048
19,102,1,965708653
19,104,2,965706185
19,107,2,965706886
19,118,3,965708217
19,135,3,965707637
19,141,1,965706592
19,153,2,965707889
19,158,3,965709785
19,161,2,965710914
19,165,3,965711413
19,170,3,965711598
19,173,1,965703997
19,185,2,965704056
19,186,2,965707724
19,196,2,965703915
19,208,2,965709832
19,216,2,965707746
19,223,3,965705917
19,231,2,965706728
19,235,4,965705784
19,252,3,965706507
19,253,3,965704952
19,256,1,965703997
19,258,3,965704033
19,260,4,965704248
19,273,1,965705240
19,289,2,965706795
19,291,2,965712018
19,293,4,965710720
19,295,3,965708038
19,316,2,965703785
19,319,1,965710693
19,325,2,965708360
19,328,2,965705076
19,329,2,965709622
19,330,3,965705097
19,332,2,965703973
19,333,2,965706548
19,338,2,965703940
19,339,3,965706365
19,344,2,965706566
19,348,2,965706276
19,350,2,965712461
19,351,2,965706045
19,353,5,965711267
19,356,2,965706045
19,357,4,965706092
19,362,2,965709622
19,364,3,965709102
19,366,2,965704974
19,367,4,965704281
19,368,3,965706636
19,370,3,965707669
19,372,1,965706507
19,374,2,965708038
19,377,4,965711156
19,378,3,965707419
19,379,2,965703885
19,380,3,965707487
19,407,3,965705059
19,410,2,965706683
19,414,2,965706886
19,420,2,965708098
19,422,3,965711481
19,423,3,965711598
19,427,3,965712068
19,432,3,965707983
19,434,3,965709832
19,435,2,965703973
19,440,3,965706114
19,442,3,965703811
19,445,2,965706907
19,450,2,965706866
19,455,2,965710092
19,457,4,965710781
19,466,3,965707518
19,468,3,965706967
19,472,2,965707518
19,474,3,965710914
19,480,2,965703785
19,485,2,965707889
19,486,2,965707828
19,490,2,965711106
19,494,2,965711156
19,497,3,965706045
19,500,2,965706636
19,512,2,965703885
19,513,3,965707637
19,520,2,965706795
19,537,1,965707576
19,539,3,965706839
19,540,1,965711928
19,541,4,965703555
19,542,2,965707983
19,543,3,965706232
19,546,2,965704079
19,551,5,965706163
19,558,2,965704355
19,575,2,965706866
19,586,3,965707079
19,587,3,965706438
19,588,3,965706337
19,589,5,965710720
19,592,5,965709445
19,597,3,965706967
19,606,2,965705362
19,610,3,965703785
19,611,2,965704056
19,627,2,965711342
19,637,2,965708098
19,640,1,965712018
19,648,3,965709656
19,653,2,965704331
19,661,3,965709102
19,671,2,965703674
19,673,1,965704355
19,674,4,965703973
19,708,3,965706615
19,709,2,965709172
19,711,3,965709923
19,719,2,965707724
19,720,4,965708982
19,724,4,965705076
19,733,3,965709534
19,736,2,965709785
19,742,3,965711994
19,743,2,965707137
19,745,4,965708982
19,761,3,965709832
19,762,1,965708038
19,783,4,965709144
19,785,2,965706209
19,788,2,965703885
19,798,2,965710019
19,799,3,965705040
19,810,1,965704375
19,818,4,965707552
19,829,2,965706415
19,830,2,965707016
19,832,2,965711184
19,837,4,965706317
19,839,1,965712018
19,842,2,965705347
19,849,2,965704033
19,852,4,965706209
19,866,2,965710781
19,879,1,965705195
19,880,2,965711873
19,881,1,965707137
19,903,5,965710671
19,904,5,965712377
19,906,3,965711014
19,910,4,965705661
19,911,3,965705725
19,913,5,965712238
19,915,2,965706045
19,921,3,965706068
19,924,3,965712377
19,930,3,965710781
19,931,4,965710914
19,933,4,965705982
19,965,2,965710693
19,984,2,965708318
19,986,3,965709445
22,107,4.5,1268330607
22,216,4,1268726081
22,253,4,1268726368
22,318,5,1268726193
22,356,5,1268726309
22,541,5,1268726271
22,858,3,1268726337
23,6,4,1107342267
23,29,4,1107341574
23,32,3.5,1107341750
23,50,4,1107163741
23,58,3,1107164183
23,175,3,1107162721
23,272,4,1107162524
23,293,4,1107341697
23,296,3.5,1107163773
23,300,3,1107342187
23,541,5,1107164433
23,608,3.5,1107162895
23,741,4,1107341586
23,750,3,1107164374
23,778,4,1107341701
23,858,3.5,1107163336
23,866,3,1107164206
23,904,3.5,1107164418
23,912,3.5,1107163409
23,913,4,1107164441
23,923,4,1107164855
23,924,4,1107162966
24,6,4.5,1458941767
24,32,3.5,1458942033
24,50,4,1458942023
24,165,3.5,1458941746
24,253,3.5,1458941225
24,296,4,1458942020
24,316,3.5,1458941812
24,318,4.5,1458941989
24,356,4.5,1458940987
24,457,3.5,1458941545
24,552,3.5,1458941837
24,593,4.5,1458941983
24,608,4,1458942040
24,733,3,1458941618
24,780,3.5,1458942032
25,231,4,1535470451
25,260,5,1535470429
25,527,5,1535470432
26,10,3,836950403
26,34,3,836950483
26,47,4,836950431
26,150,3,836950245
26,153,3,836950286
26,165,4,836950286
26,185,3,836950403
26,208,2,836950403
26,225,3,836950483
26,288,3,836950431
26,296,4,836950245
26,300,3,836950431
26,344,3,836950286
26,349,3,836950286
26,356,3,836950483
26,380,3,836950245
26,434,2,836950379
26,454,4,836950483
26,457,4,836950379
26,592,4,836950245
26,593,4,836950379
27,1,3,962685262
27,2,4,962685711
27,34,5,962685351
27,48,4,962685318
27,60,3,962685387
27,62,5,962684909
27,126,2,962685762
27,158,2,962685387
27,238,3,962685525
27,260,4,962686637
27,316,4,962685941
27,356,5,965149932
27,364,4,962685351
27,367,4,965150022
27,421,3,962685262
27,455,3,962685569
27,480,4,962685912
27,590,4,962685883
27,595,4,962685262
27,648,4,962685941
27,661,3,962685569
27,673,2,962685762
27,736,3,962685941
27,745,5,962686299
27,780,3,962686571
27,783,4,962685470
27,801,2,962685525
27,808,4,962685711
27,902,4,965149631
27,911,5,965149512
27,913,4,965151031
27,920,4,962686447
27,924,2,962686660
27,969,4,965149694
27,986,4,962685883
28,6,3.5,1234570483
28,16,2.5,1234570375
28,21,3,1242290535
28,23,1.5,1242290862
28,30,2.5,1234334920
28,32,3.5,1234335329
28,47,3,1235975946
28,50,3.5,1234337966
28,62,3.5,1242290542
28,48,2,1234516201
28,110,3.5,1234515793
28,145,1.5,1242290926
28,147,2.5,1242289858
28,161,3,1242032929
28,172,3,1277002294
28,211,3,1242107980
28,224,3,1234334917
28,253,3,1242033136
28,260,4,1234338579
28,290,3,1234570350
28,293,4.5,1234338073
28,296,4.5,1234338046
28,300,2,1242288446
28,316,4,1277002153
28,318,3.5,1234338000
28,337,3.5,1242031731
28,345,4,1242290330
28,349,3,1234516073
28,353,3,1242033139
28,356,4,1243837724
28,377,1.5,1234516131
28,428,2.5,1240817486
28,442,1,1234516283
28,456,2,1235806094
28,457,3,1234515692
28,474,2.5,1234515703
28,475,4,1234334912
28,480,2.5,1234515708
28,481,3,1242290652
28,507,4,1242032956
28,508,3.5,1242032407
28,524,3.5,1242032861
28,527,3,1234570054
28,529,3.5,1234571468
28,541,4,1234335500
28,553,3,1242032366
28,555,3,1234515790
28,589,4.5,1234515689
28,590,4,1242290279
28,592,2.5,1234516064
28,593,2.5,1234570144
28,599,3,1234514490
28,608,3,1243837137
28,635,3,1242288183
28,647,2.5,1242290414
28,678,3.5,1240211636
28,714,3.5,1234570614
28,724,1.5,1234334947
28,733,1,1234516070
28,736,2.5,1234516417
28,778,3.5,1235806117
28,780,3,1234516111
28,851,2,1242033023
28,858,4.5,1234338178
28,898,3,1243837286
28,899,2,1234334934
28,924,3,1234516770
28,996,2,1234516298
29,50,3.5,1308007653
29,150,4,1362016794
29,165,4,1362016840
29,170,3,1307905797
29,296,3.5,1362016789
29,316,4,1362016849
29,318,4.5,1307907071
29,356,4.5,1362016780
29,750,4.5,1310788122
29,780,4,1362016798
29,858,4.5,1307907013
29,904,4.5,1307945605
29,914,4,1362016608
29,924,5,1307906672
29,953,5,1307906372
30,1,5,850466616
30,5,3,850466642
30,7,4,850466642
30,10,4,850467366
30,17,3,850466616
30,25,2,850466616
30,62,4,850466616
30,141,4,850466616
30,165,4,850467366
30,339,4,850467366
30,344,3,850467365
30,377,5,850467368
30,588,5,850467365
30,605,4,852207559
30,612,3,852208599
30,648,5,850466616
30,733,5,850466642
30,736,4,850466616
30,780,4,850466616
30,783,4,850466660
30,784,5,850466810
30,788,2,850466679
30,852,4,850467118
30,912,5,850467425
30,1036,5,850467468
30,1057,5,850466810
30,1073,4,850467063
30,1099,2,850467444
30,1136,3,850467408
30,1196,4,850467408
30,1197,5,850467408
30,1198,4,850467408
30,1200,3,850467408
30,1214,4,850467425
30,1231,3,850467468
30,1240,4,850467408
30,1246,3,850467468
30,1265,2,850467444
30,1270,4,850467468
30,1278,5,850467425
30,1282,5,850467485
30,1302,4,850467485
30,1353,4,850467078
30,1356,4,850466719
30,1361,5,850466810
30,1363,5,850466810
30,1391,5,850466810
30,1393,3,852207084
30,1405,1,852207053
30,5060,5,850467468
31,1,4,1252575124
31,20,3,1252573422
31,32,3.5,1252575140
31,150,4,1252575119
31,165,3,1252574722
31,260,3.5,1252575114
31,296,4,1252574962
31,318,4.5,1252575010
31,344,4,1252575201
31,356,3,1252575107
31,370,4,1252575070
31,377,3.5,1252575197
31,380,4,1252575135
31,466,3,1252575077
31,480,4,1252574995
31,546,0.5,1252573361
31,589,4.5,1252574790
31,590,2,1252575130
31,593,3,1252575111
31,608,2,1252575190
31,648,3,1252575204
31,743,2,1252573320
31,780,3.5,1252575127
31,836,3,1252573377
32,6,4,975282111
32,164,5,975281545
32,246,5,975281661
32,260,5,975281842
32,307,4,975281591
32,377,4,975282070
32,457,4,975281934
32,480,5,975282070
32,589,5,975282037
32,858,5,975281842
33,32,4,1377308186
33,50,4.5,1377308037
33,150,4,1377308715
33,318,5,1377308028
33,431,4,1377308567
33,593,5,1377473779
33,648,4.5,1377308459
33,858,4,1377308032
34,10,1,845299756
34,32,5,845299983
34,47,3,845299983
34,110,3,845299756
34,150,3,845299424
34,153,3,845299505
34,161,3,845299756
34,165,3,845299504
34,208,1,845299800
34,231,1,845299563
34,288,3,845299800
34,296,3,845299424
34,316,4,845299563
34,318,3,845299677
34,329,4,845299677
34,344,1,845299505
34,356,2,845299676
34,364,2,845299844
34,367,1,845299844
34,377,3,845299844
34,380,2,845299424
34,457,4,845299563
34,480,4,845299676
34,588,2,845299505
34,589,5,845299844
34,592,3,845299424
35,1,2.5,1084467729
35,2,3,1084465035
35,6,3.5,1084467865
35,10,3.5,1084467796
35,34,2,1084467775
35,47,3.5,1084467783
35,104,3.5,1084468090
35,110,4.5,1084467714
35,145,4.5,1084463787
35,153,3,1084465021
35,158,1,1084463716
35,163,4,1084521290
35,165,4,1084467751
35,170,3,1084465384
35,185,3,1084467840
35,196,3.5,1084465393
35,231,4,1084467803
35,260,3.5,1084463958
35,293,3.5,1084467974
35,303,3,1084465377
35,317,2.5,1084467976
35,337,2.5,1084468022
35,344,3.5,1084467754
35,356,4.5,1084467704
35,357,3.5,1084467829
35,364,3.5,1084467782
35,367,3.5,1084521277
35,368,3.5,1084467998
35,370,3,1084463966
35,380,4,1084467721
35,420,3.5,1084465029
35,442,3.5,1084465019
35,454,3.5,1084467820
35,466,3,1084468214
35,480,4,1084467706
35,588,2.5,1084464970
35,589,4.5,1084467724
35,590,3.5,1084467708
35,592,3.5,1084467713
35,595,3,1084467752
35,648,4,1084467757
35,733,4,1084467784
35,780,4,1084467743
35,784,1.5,1084465344
35,788,3.5,1084467942
35,832,3,1084468159
35,858,3.5,1084467795
36,110,4,1332840449
36,161,3.5,1333843500
36,318,5,1332839665
36,356,4.5,1332840553
36,364,3.5,1333842074
36,480,3,1333843543
36,505,0.5,1332839297
36,541,4.5,1333091988
36,586,1.5,1333843197
36,595,3.5,1334193300
36,750,3.5,1333843482
36,916,5,1332840258
36,923,3.5,1332840063
36,924,5,1332839611
37,4,3,858772461
37,5,3,857653289
37,6,4,857653289
37,7,3,857653289
37,10,3,860397812
37,11,4,858771861
37,14,4,857653349
37,17,5,857653240
37,21,4,858772111
37,25,5,860396793
37,30,3,860398679
37,34,4,858772153
37,36,5,857653289
37,45,4,858772239
37,46,3,858771890
37,50,4,857653594
37,52,5,857653318
37,55,4,858772543
37,57,3,858771951
37,62,4,857653240
37,47,4,857653422
37,48,2,857653240
37,53,3,860396882
37,102,1,857653444
37,105,3,858771931
37,113,4,858772291
37,122,3,858772698
37,140,4,857653387
37,141,3,857653240
37,147,4,858771818
37,150,5,857653693
37,154,3,858771818
37,161,3,858771702
37,164,4,858771912
37,165,3,858772953
37,180,2,858772206
37,181,3,860397928
37,194,4,857653756
37,195,4,858772398
37,214,4,858771796
37,223,5,857653693
37,224,4,858772029
37,225,3,858772370
37,230,3,857653794
37,232,5,857653693
37,234,3,860397862
37,235,3,858772064
37,236,3,858772515
37,237,4,858772479
37,246,4,857653639
37,247,4,858771772
37,248,2,860398847
37,260,4,857653693
37,261,4,857653843
37,265,5,857653594
37,266,4,858771890
37,270,3,858772258
37,272,5,857653843
37,276,3,858772543
37,277,3,860397382
37,287,3,858772239
37,289,3,860398550
37,296,4,857653593
37,299,5,858771796
37,300,5,858771743
37,302,3,858771796
37,305,3,860397582
37,306,4,857653639
37,318,5,857653594
37,319,4,857653794
37,321,4,858771861
37,324,4,860397228
37,326,3,857653794
37,331,3,858772206
37,334,4,858772079
37,339,3,858772326
37,342,4,858771796
37,348,5,858771818
37,349,4,857653728
37,350,4,858772136
37,354,4,858772111
37,356,5,857653593
37,357,4,858771818
37,361,3,858772112
37,368,3,860397613
37,369,4,858772064
37,371,3,858772111
37,377,4,858772009
37,378,3,858772673
37,380,3,858772326
37,381,4,858771861
37,406,3,860399107
37,412,5,858771743
37,415,3,860398835
37,420,3,860397899
37,435,3,860397768
37,440,4,858771912
37,445,3,860397719
37,446,5,857653728
37,452,3,858771890
37,454,4,858772136
37,457,4,857653593
37,468,3,858771971
37,474,4,857653756
37,475,4,858771380
37,477,4,857653756
37,480,3,858771971
37,491,3,858771951
37,500,4,858772516
37,507,3,860398337
37,508,4,857653693
37,509,5,857653594
37,515,4,857653693
37,524,4,858771772
37,527,5,857653594
37,532,3,860397657
37,534,4,857653693
37,537,3,858772239
37,538,3,858771743
37,539,4,858771861
37,551,3,858772802
37,580,3,860398823
37,585,3,858772326
37,586,3,858772516
37,587,3,858772178
37,590,4,858772306
37,592,3,860397582
37,593,5,857653593
37,597,3,858772370
37,608,5,857653289
37,628,4,857653349
37,637,1,857653349
37,647,4,858771233
37,671,4,857653422
37,691,3,860398662
37,708,3,857653318
37,719,3,857653387
37,722,4,858772760
37,726,3,858772802
37,733,4,857653289
37,736,3,857653240
37,762,1,857653349
37,788,3,857653318
37,800,5,857653639
37,802,4,857653349
37,805,4,857653349
37,818,3,860396938
37,830,4,860396882
37,838,5,857653794
37,852,3,857653405
37,858,4,858772206
37,898,5,860397176
37,899,4,858773054
37,900,4,860397352
37,902,4,858772779
37,904,4,858772543
37,908,4,858772641
37,909,3,860397278
37,910,3,858773054
37,912,4,860397090
37,914,4,858772733
37,915,3,860397323
37,916,3,860397294
37,919,5,858772586
37,920,4,858772515
37,922,4,860397228
37,923,4,858772354
37,926,5,858773023
37,931,3,860397409
37,932,4,860397438
37,933,4,860397352
37,934,3,860397438
37,948,4,860397409
37,951,4,860397323
37,953,3,858772760
37,954,4,860397244
37,955,4,860397306
37,971,3,860397365
37,987,3,860398734
38,53,5,889468268
38,314,5,889467433
38,515,4,889468005
38,527,5,889467704
38,538,4,889468460
39,1,4,1344082549
39,165,4,1344083044
39,260,4.5,1344082545
39,318,4.5,1343945158
39,356,4,1344083260
39,419,3.5,1343944880
39,457,4,1344082980
39,480,3,1344083054
39,588,4,1344082668
39,590,4,1344082811
39,595,4,1344083094
39,648,4.5,1344082866
39,780,3.5,1344083232
40,60,3,1270702696
40,262,4,1270703101
40,327,3.5,1270702652
40,531,4,1270702642
40,671,4.5,1270702670
41,16,4.5,1331421395
41,50,5,1331421330
41,69,3.5,1331420307
41,223,4.5,1331421399
41,318,5,1331421326
41,527,4,1331421334
41,785,4,1331420167
42,1,3,1520408314
42,11,2.5,1520408449
42,41,2,1520408790
42,104,4,1520408740
42,356,0.5,1520408275
42,357,2.5,1520408453
42,588,1,1520408342
42,745,3,1520408276
42,750,4.5,1520408265
42,788,2.5,1520408434
42,898,4,1520408274
42,899,1.5,1520408297
42,901,1.5,1520408436
42,902,1,1520408324
42,905,3,1520408275
42,909,2.5,1520408308
42,910,1.5,1520408296
42,911,2.5,1520408306
42,915,2,1520408307
42,916,3.5,1520408299
42,918,3,1520408424
42,936,2.5,1520408345
42,945,4,1520408345
42,946,0.5,1520408337
42,947,1.5,1520408347
42,950,3,1520408274
42,951,3.5,1520408278
42,954,3.5,1520408307
42,955,3,1520408312
43,1,3,856353996
43,7,4,856354037
43,14,5,856354100
43,17,5,856353996
43,25,5,856353996
43,32,4,856353996
43,36,4,856354037
43,52,5,856354072
43,58,5,856354071
43,68,3,856354249
43,34,3,856354174
43,35,5,856354212
43,38,5,856354195
43,116,5,856354268
43,141,3,856353996
43,260,5,856354072
43,562,4,856354233
43,581,4,856354288
43,608,5,856354037
43,613,5,856354212
43,617,4,856354348
43,685,3,856354348
43,708,3,856354071
43,728,3,856354195
43,735,4,856354329
43,743,3,856354120
43,766,4,856354232
43,780,3,856353996
43,791,4,856354451
43,805,3,856354100
43,818,5,856354233
43,892,4,856354381
43,896,3,856354513
43,984,5,856354596
44,1,4,1112713037
44,2,3,1112713392
44,3,3,1112712323
44,6,5,1112712032
44,10,3.5,1112713269
44,16,4.5,1112710867
44,19,2,1112713417
44,21,4,1112712052
44,22,3.5,1112712292
44,25,2,1112713314
44,29,4,1112711719
44,32,4,1112711273
44,36,3,1112712316
44,39,1.5,1112713319
44,41,4,1112716937
44,47,4.5,1112712832
44,50,4.5,1112712816
44,58,2,1112710933
44,41,3,1112716912
44,45,2,1112716903
44,48,3,1112711260
44,104,1.5,1112713462
44,110,4,1112712339
44,111,4,1112713352
44,112,3,1112710953
44,150,3.5,1112712023
44,151,3,1112710950
44,153,2,1112711306
44,158,2,1112713777
44,160,2,1112713458
44,161,3.5,1112711269
44,163,5,1112712601
44,165,3,1112713245
44,172,4.5,1112713688
44,173,3.5,1112710917
44,185,2,1112713300
44,186,2,1112713723
44,196,3,1112713569
44,208,2.5,1112712329
44,223,3,1112711488
44,225,3,1112710870
44,231,3,1112713266
44,235,4.5,1112711256
44,236,2,1112713602
44,251,2.5,1112717660
44,252,2.5,1112713801
44,253,4.5,1112713303
44,260,4.5,1112712846
44,266,3,1112713423
44,288,3.5,1112711287
44,292,3.5,1112713278
44,293,4,1112711284
44,296,4.5,1112711264
44,315,3,1112713686
44,316,4,1112713249
44,318,2,1112712135
44,322,2,1112716866
44,329,2,1112713258
44,337,1.5,1112713450
44,344,3,1112713227
44,349,3,1112713232
44,350,3,1112713420
44,353,5,1112712455
44,356,3,1112711237
44,357,1.5,1112713292
44,364,3.5,1112711195
44,367,3.5,1112713273
44,368,3,1112713426
44,370,3,1112713612
44,374,1,1112716895
44,376,2.5,1112713553
44,377,3,1112713224
44,380,3.5,1112713208
44,384,3.5,1112717242
44,410,3,1112711203
44,420,1.5,1112711240
44,428,3,1112713077
44,432,1,1112710911
44,433,2,1112717219
44,434,2,1112713286
44,435,1.5,1112713513
44,442,3,1112711200
44,454,3,1112713295
44,457,4,1112713197
44,464,4,1112716881
44,466,3,1112713605
44,471,1,1112713817
44,474,3.5,1112713360
44,480,4.5,1112713195
44,482,3.5,1112716885
44,485,4,1112713741
44,494,3,1112713473
44,500,2.5,1112711245
44,502,1,1112716892
44,515,1,1112713768
44,520,3.5,1112712272
44,533,4,1112716908
44,539,2.5,1112711215
44,541,5,1112711219
44,543,3.5,1112712249
44,551,5,1112711242
44,552,3,1112712269
44,553,3.5,1112713485
44,555,3.5,1112713110
44,586,2,1112712333
44,587,2.5,1112713284
44,588,3.5,1112711205
44,589,4,1112711446
44,590,3.5,1112713201
44,592,5,1112713199
44,593,4.5,1112712144
44,594,3,1112711217
44,595,3,1112711215
44,597,2.5,1112711248
44,606,4,1112717237
44,608,3.5,1112713222
44,610,4.5,1112716901
44,628,3,1112713765
44,648,4,1112713238
44,653,2.5,1112710875
44,678,3,1112712982
44,708,2.5,1112711197
44,733,3,1112713262
44,736,2.5,1112711143
44,741,4.5,1112711494
44,745,3.5,1112712296
44,750,5,1112713140
44,778,4,1112713437
44,780,3.5,1112713211
44,784,3.5,1112712276
44,786,2.5,1112713400
44,799,4,1112712586
44,802,3.5,1112713566
44,832,3,1112710947
44,842,2.5,1112717229
44,858,5,1112711140
44,866,4,1112711693
44,903,4,1112712251
44,904,2.5,1112713615
44,908,3,1112710923
44,912,4,1112712320
44,919,3,1112713366
44,920,2.5,1112713503
44,923,4,1112710903
44,924,3.5,1112711183
45,107,5,1294941385
45,327,3.5,1294941372
45,837,5,1294941448
46,1,3,942767337
46,2,5,942946208
46,10,4,942946208
46,15,4,942946091
46,34,5,942767143
46,60,4,942946445
46,39,4,942946013
46,110,5,942947377
46,150,5,942947377
46,153,4,942946445
46,158,4,942946445
46,168,4,942946340
46,173,4,942946445
46,258,4,942946508
46,260,5,942946932
46,316,5,942946445
46,318,4,942947205
46,329,5,942946340
46,339,4,942766855
46,349,4,942946208
46,356,5,942766907
46,357,4,942767045
46,362,4,942946445
46,367,5,942946986
46,368,4,942766855
46,380,5,942946091
46,434,5,942946508
46,480,5,942946013
46,527,5,942947205
46,539,4,942766957
46,552,5,942946340
46,558,4,942946634
46,588,4,942766957
46,590,5,942946091
46,593,5,942947265
46,648,4,942946508
46,653,4,942946588
46,733,4,942946091
46,736,4,942946677
46,761,4,942946677
46,836,4,942946634
46,849,4,942946508
47,2,4,843406960
47,10,3,843406732
47,11,3,843406930
47,17,1,843406942
47,19,2,843406846
47,21,3,843406846
47,32,5,843406866
47,34,4,843406765
47,39,1,843406866
47,44,1,843406960
47,47,2,843406765
47,48,3,843406942
47,110,5,843406748
47,150,4,843406616
47,153,3,843406644
47,160,3,843406895
47,161,4,843406732
47,165,4,843406644
47,185,2,843406732
47,208,2,843406748
47,225,3,843406826
47,231,3,843406685
47,253,1,843406732
47,266,3,843406914
47,282,3,843406930
47,288,2,843406748
47,292,3,843406707
47,296,4,843406616
47,316,4,843406685
47,317,3,843406866
47,318,5,843406707
47,329,4,843406707
47,337,3,843406960
47,344,3,843406644
47,356,3,843406707
47,357,1,843406895
47,364,4,843406765
47,367,3,843406765
47,377,3,843406826
47,380,3,843406616
47,410,3,843406826
47,420,3,843406846
47,432,3,843406914
47,434,3,843406707
47,435,1,843406914
47,457,4,843406685
47,480,4,843406732
47,500,3,843406826
47,586,3,843406846
47,587,3,843406866
47,588,4,843406644
47,589,4,843406765
47,590,4,843406616
47,592,3,843406616
47,593,3,843406685
47,597,2,843406866
48,7,3,1043340043
48,18,3.5,1105400752
48,25,5,1044744590
48,29,5,1043340522
48,32,4,1043340522
48,34,4,1071803856
48,39,4,1043339476
48,122,3.5,1105400745
48,162,5,1043340311
48,176,4,1048382937
48,260,5,1043340455
48,293,4.5,1069614359
48,358,3,1043340311
48,480,3.5,1105400942
48,539,4,1071803917
48,541,5,1043340455
48,589,4,1043340485
48,608,4.5,1069614364
48,741,5,1043340485
48,913,4,1043340225
48,924,5,1043340392
49,1,5,964772990
49,34,5,964773008
49,50,5,964773008
49,110,5,964772750
49,150,5,964773108
49,193,1,964774290
49,260,5,964772681
49,272,5,964773550
49,296,5,964772972
49,299,3,964773068
49,306,1,964773021
49,307,1,964773216
49,367,5,964773672
49,377,5,964772795
49,380,3,964772817
49,434,4,964774257
49,454,4,964774139
49,480,5,964772778
49,527,5,964772956
49,589,5,964772731
49,648,3,964772610
49,733,4,964772883
49,780,3,964772862
49,788,1,964773714
49,858,4,964772681
50,377,4,1047481515
50,593,5,1043382047
50,858,5,1043382068
51,1,4.5,1532457849
51,356,5,1532457441
51,364,3,1532457847
51,593,4.5,1532457756
51,608,4,1532458331
51,858,3,1532458318
51,904,5,1532458324
52,10,4,829827514
52,22,4,829828005
52,23,4,829828005
52,122,4,829828005
52,145,4,829828005
52,150,5,829828005
52,153,5,829828005
52,160,2,829828005
52,161,3,829828005
52,163,5,829828005
52,165,5,829828005
52,168,5,829828006
52,196,2,829828006
52,204,1,829828007
52,225,5,829828005
52,227,3,829828005
52,228,3,829828005
52,231,5,829828005
52,234,2,829828006
52,236,5,829828006
52,248,3,829828006
52,252,5,829828006
52,253,4,829828006
52,256,4,829828006
52,257,5,829828006
52,259,3,829828006
52,266,4,829828006
52,276,4,829828006
52,281,5,829828006
52,282,4,829828006
52,288,3,829828006
52,292,5,829828006
52,293,5,829828006
52,296,5,829828006
52,312,1,829828007
52,315,3,829828006
52,316,2,829828007
52,318,5,829828006
52,325,2,829828006
52,333,5,829828007
52,337,5,829828007
52,339,5,829828007
52,344,5,829828005
52,349,5,829828005
52,380,5,829828007
52,413,3,829828005
52,416,4,829828005
52,420,2,829828005
52,434,3,829828005
52,435,2,829828005
52,555,4,829828007
52,588,5,829828005
52,592,4,829828005
53,3,3.5,1100183804
53,11,4,1100184041
53,16,4.5,1100185959
53,17,4.5,1100184147
53,19,1,1100183757
53,28,4.5,1100184447
53,62,4,1100185952
53,74,4,1100186732
53,42,4,1100186731
53,48,4.5,1100185961
53,104,3.5,1100183809
53,168,4.5,1100185915
53,222,4,1100184420
53,223,3.5,1100185924
53,234,4,1100186737
53,235,1,1100183797
53,237,4,1100186727
53,261,4.5,1100185932
53,266,4,1100183734
53,296,3.5,1100184820
53,356,4,1100184829
53,357,4,1100184145
53,368,4.5,1100183774
53,377,4,1100184047
53,380,3.5,1100184352
53,441,4,1100186564
53,497,4,1100183808
53,508,4,1100185928
53,537,4,1100186554
53,539,4.5,1100184295
53,553,4.5,1100183810
53,555,4,1100185936
53,587,4,1100184423
53,590,4,1100184825
53,592,4,1100184812
53,594,3,1100183782
53,597,4.5,1100184340
53,605,4.5,1100186552
53,648,4,1100185920
53,838,4.5,1100184279
53,899,4.5,1100184112
53,900,4,1100184329
53,914,4,1100184107
53,916,4.5,1100184150
53,919,4.5,1100183748
53,920,4,1100184140
53,923,3.5,1100185889
53,932,4,1100184244
53,933,4,1100184156
53,934,4.5,1100186407